id,kn1kmdk
156211,1km_6110_862
156212,1km_6111_862
156213,1km_6112_862
156214,1km_6113_862
156215,1km_6114_862
156216,1km_6115_862
156217,1km_6116_862
156218,1km_6117_862
156219,1km_6118_862
156220,1km_6119_862
156221,1km_6120_862
156222,1km_6121_862
156223,1km_6122_862
156224,1km_6123_862
156225,1km_6124_862
156226,1km_6125_862
156227,1km_6126_862
156228,1km_6127_862
156229,1km_6128_862
156230,1km_6129_862
156231,1km_6130_862
156232,1km_6131_862
156233,1km_6132_862
156234,1km_6133_862
156235,1km_6134_862
156236,1km_6135_862
156237,1km_6136_862
156238,1km_6137_862
156239,1km_6138_862
156240,1km_6139_862
156241,1km_6140_862
156242,1km_6141_862
156243,1km_6142_862
156244,1km_6143_862
156581,1km_6110_863
156582,1km_6111_863
156583,1km_6112_863
156584,1km_6113_863
156585,1km_6114_863
156586,1km_6115_863
156587,1km_6116_863
156588,1km_6117_863
156589,1km_6118_863
156590,1km_6119_863
156591,1km_6120_863
156592,1km_6121_863
156593,1km_6122_863
156594,1km_6123_863
156595,1km_6124_863
156596,1km_6125_863
156597,1km_6126_863
156598,1km_6127_863
156599,1km_6128_863
156600,1km_6129_863
156601,1km_6130_863
156602,1km_6131_863
156603,1km_6132_863
156604,1km_6133_863
156605,1km_6134_863
156606,1km_6135_863
156607,1km_6136_863
156608,1km_6137_863
156609,1km_6138_863
156610,1km_6139_863
156611,1km_6140_863
156612,1km_6141_863
156613,1km_6142_863
156614,1km_6143_863
156951,1km_6110_864
156952,1km_6111_864
156953,1km_6112_864
156954,1km_6113_864
156955,1km_6114_864
156956,1km_6115_864
156957,1km_6116_864
156958,1km_6117_864
156959,1km_6118_864
156960,1km_6119_864
156961,1km_6120_864
156962,1km_6121_864
156963,1km_6122_864
156964,1km_6123_864
156965,1km_6124_864
156966,1km_6125_864
156967,1km_6126_864
156968,1km_6127_864
156969,1km_6128_864
156970,1km_6129_864
156971,1km_6130_864
156972,1km_6131_864
156973,1km_6132_864
156974,1km_6133_864
156975,1km_6134_864
156976,1km_6135_864
156977,1km_6136_864
156978,1km_6137_864
156979,1km_6138_864
156980,1km_6139_864
156981,1km_6140_864
156982,1km_6141_864
156983,1km_6142_864
156984,1km_6143_864
157321,1km_6110_865
157322,1km_6111_865
157323,1km_6112_865
157324,1km_6113_865
157325,1km_6114_865
157326,1km_6115_865
157327,1km_6116_865
157328,1km_6117_865
157329,1km_6118_865
157330,1km_6119_865
157331,1km_6120_865
157332,1km_6121_865
157333,1km_6122_865
157334,1km_6123_865
157335,1km_6124_865
157336,1km_6125_865
157337,1km_6126_865
157338,1km_6127_865
157339,1km_6128_865
157340,1km_6129_865
157341,1km_6130_865
157342,1km_6131_865
157343,1km_6132_865
157344,1km_6133_865
157345,1km_6134_865
157346,1km_6135_865
157347,1km_6136_865
157348,1km_6137_865
157349,1km_6138_865
157350,1km_6139_865
157351,1km_6140_865
157352,1km_6141_865
157353,1km_6142_865
157354,1km_6143_865
157691,1km_6110_866
157692,1km_6111_866
157693,1km_6112_866
157694,1km_6113_866
157695,1km_6114_866
157696,1km_6115_866
157697,1km_6116_866
157698,1km_6117_866
157699,1km_6118_866
157700,1km_6119_866
157701,1km_6120_866
157702,1km_6121_866
157703,1km_6122_866
157704,1km_6123_866
157705,1km_6124_866
157706,1km_6125_866
157707,1km_6126_866
157708,1km_6127_866
157709,1km_6128_866
157710,1km_6129_866
157711,1km_6130_866
157712,1km_6131_866
157713,1km_6132_866
157714,1km_6133_866
157715,1km_6134_866
157716,1km_6135_866
157717,1km_6136_866
157718,1km_6137_866
157719,1km_6138_866
157720,1km_6139_866
157721,1km_6140_866
157722,1km_6141_866
157723,1km_6142_866
157724,1km_6143_866
158061,1km_6110_867
158062,1km_6111_867
158063,1km_6112_867
158064,1km_6113_867
158065,1km_6114_867
158066,1km_6115_867
158067,1km_6116_867
158068,1km_6117_867
158069,1km_6118_867
158070,1km_6119_867
158071,1km_6120_867
158072,1km_6121_867
158073,1km_6122_867
158074,1km_6123_867
158075,1km_6124_867
158076,1km_6125_867
158077,1km_6126_867
158078,1km_6127_867
158079,1km_6128_867
158080,1km_6129_867
158081,1km_6130_867
158082,1km_6131_867
158083,1km_6132_867
158084,1km_6133_867
158085,1km_6134_867
158086,1km_6135_867
158087,1km_6136_867
158088,1km_6137_867
158089,1km_6138_867
158090,1km_6139_867
158091,1km_6140_867
158092,1km_6141_867
158093,1km_6142_867
158094,1km_6143_867
158431,1km_6110_868
158432,1km_6111_868
158433,1km_6112_868
158434,1km_6113_868
158435,1km_6114_868
158436,1km_6115_868
158437,1km_6116_868
158438,1km_6117_868
158439,1km_6118_868
158440,1km_6119_868
158441,1km_6120_868
158442,1km_6121_868
158443,1km_6122_868
158444,1km_6123_868
158445,1km_6124_868
158446,1km_6125_868
158447,1km_6126_868
158448,1km_6127_868
158449,1km_6128_868
158450,1km_6129_868
158451,1km_6130_868
158452,1km_6131_868
158453,1km_6132_868
158454,1km_6133_868
158455,1km_6134_868
158456,1km_6135_868
158457,1km_6136_868
158458,1km_6137_868
158459,1km_6138_868
158460,1km_6139_868
158461,1km_6140_868
158462,1km_6141_868
158463,1km_6142_868
158464,1km_6143_868
158801,1km_6110_869
158802,1km_6111_869
158803,1km_6112_869
158804,1km_6113_869
158805,1km_6114_869
158806,1km_6115_869
158807,1km_6116_869
158808,1km_6117_869
158809,1km_6118_869
158810,1km_6119_869
158811,1km_6120_869
158812,1km_6121_869
158813,1km_6122_869
158814,1km_6123_869
158815,1km_6124_869
158816,1km_6125_869
158817,1km_6126_869
158818,1km_6127_869
158819,1km_6128_869
158820,1km_6129_869
158821,1km_6130_869
158822,1km_6131_869
158823,1km_6132_869
158824,1km_6133_869
158825,1km_6134_869
158826,1km_6135_869
158827,1km_6136_869
158828,1km_6137_869
158829,1km_6138_869
158830,1km_6139_869
158831,1km_6140_869
158832,1km_6141_869
158833,1km_6142_869
158834,1km_6143_869
159171,1km_6110_870
159172,1km_6111_870
159173,1km_6112_870
159174,1km_6113_870
159175,1km_6114_870
159176,1km_6115_870
159177,1km_6116_870
159178,1km_6117_870
159179,1km_6118_870
159180,1km_6119_870
159181,1km_6120_870
159182,1km_6121_870
159183,1km_6122_870
159184,1km_6123_870
159185,1km_6124_870
159186,1km_6125_870
159187,1km_6126_870
159188,1km_6127_870
159189,1km_6128_870
159190,1km_6129_870
159191,1km_6130_870
159192,1km_6131_870
159193,1km_6132_870
159194,1km_6133_870
159195,1km_6134_870
159196,1km_6135_870
159197,1km_6136_870
159198,1km_6137_870
159199,1km_6138_870
159200,1km_6139_870
159201,1km_6140_870
159202,1km_6141_870
159203,1km_6142_870
159204,1km_6143_870
159541,1km_6110_871
159542,1km_6111_871
159543,1km_6112_871
159544,1km_6113_871
159545,1km_6114_871
159546,1km_6115_871
159547,1km_6116_871
159548,1km_6117_871
159549,1km_6118_871
159550,1km_6119_871
159551,1km_6120_871
159552,1km_6121_871
159553,1km_6122_871
159554,1km_6123_871
159555,1km_6124_871
159556,1km_6125_871
159557,1km_6126_871
159558,1km_6127_871
159559,1km_6128_871
159560,1km_6129_871
159561,1km_6130_871
159562,1km_6131_871
159563,1km_6132_871
159564,1km_6133_871
159565,1km_6134_871
159566,1km_6135_871
159567,1km_6136_871
159568,1km_6137_871
159569,1km_6138_871
159570,1km_6139_871
159571,1km_6140_871
159572,1km_6141_871
159573,1km_6142_871
159574,1km_6143_871
159911,1km_6110_872
159912,1km_6111_872
159913,1km_6112_872
159914,1km_6113_872
159915,1km_6114_872
159916,1km_6115_872
159917,1km_6116_872
159918,1km_6117_872
159919,1km_6118_872
159920,1km_6119_872
159921,1km_6120_872
159922,1km_6121_872
159923,1km_6122_872
159924,1km_6123_872
159925,1km_6124_872
159926,1km_6125_872
159927,1km_6126_872
159928,1km_6127_872
159929,1km_6128_872
159930,1km_6129_872
159931,1km_6130_872
159932,1km_6131_872
159933,1km_6132_872
159934,1km_6133_872
159935,1km_6134_872
159936,1km_6135_872
159937,1km_6136_872
159938,1km_6137_872
159939,1km_6138_872
159940,1km_6139_872
159941,1km_6140_872
159942,1km_6141_872
159943,1km_6142_872
159944,1km_6143_872
160281,1km_6110_873
160282,1km_6111_873
160283,1km_6112_873
160284,1km_6113_873
160285,1km_6114_873
160286,1km_6115_873
160287,1km_6116_873
160288,1km_6117_873
160289,1km_6118_873
160290,1km_6119_873
160291,1km_6120_873
160292,1km_6121_873
160293,1km_6122_873
160294,1km_6123_873
160295,1km_6124_873
160296,1km_6125_873
160297,1km_6126_873
160298,1km_6127_873
160299,1km_6128_873
160300,1km_6129_873
160301,1km_6130_873
160302,1km_6131_873
160303,1km_6132_873
160304,1km_6133_873
160305,1km_6134_873
160306,1km_6135_873
160307,1km_6136_873
160308,1km_6137_873
160309,1km_6138_873
160310,1km_6139_873
160311,1km_6140_873
160312,1km_6141_873
160313,1km_6142_873
160314,1km_6143_873
160651,1km_6110_874
160652,1km_6111_874
160653,1km_6112_874
160654,1km_6113_874
160655,1km_6114_874
160656,1km_6115_874
160657,1km_6116_874
160658,1km_6117_874
160659,1km_6118_874
160660,1km_6119_874
160661,1km_6120_874
160662,1km_6121_874
160663,1km_6122_874
160664,1km_6123_874
160665,1km_6124_874
160666,1km_6125_874
160667,1km_6126_874
160668,1km_6127_874
160669,1km_6128_874
160670,1km_6129_874
160671,1km_6130_874
160672,1km_6131_874
160673,1km_6132_874
160674,1km_6133_874
160675,1km_6134_874
160676,1km_6135_874
160677,1km_6136_874
160678,1km_6137_874
160679,1km_6138_874
160680,1km_6139_874
160681,1km_6140_874
160682,1km_6141_874
160683,1km_6142_874
160684,1km_6143_874
161021,1km_6110_875
161022,1km_6111_875
161023,1km_6112_875
161024,1km_6113_875
161025,1km_6114_875
161026,1km_6115_875
161027,1km_6116_875
161028,1km_6117_875
161029,1km_6118_875
161030,1km_6119_875
161031,1km_6120_875
161032,1km_6121_875
161033,1km_6122_875
161034,1km_6123_875
161035,1km_6124_875
161036,1km_6125_875
161037,1km_6126_875
161038,1km_6127_875
161039,1km_6128_875
161040,1km_6129_875
161041,1km_6130_875
161042,1km_6131_875
161043,1km_6132_875
161044,1km_6133_875
161045,1km_6134_875
161046,1km_6135_875
161047,1km_6136_875
161048,1km_6137_875
161049,1km_6138_875
161050,1km_6139_875
161051,1km_6140_875
161052,1km_6141_875
161053,1km_6142_875
161054,1km_6143_875
161391,1km_6110_876
161392,1km_6111_876
161393,1km_6112_876
161394,1km_6113_876
161395,1km_6114_876
161396,1km_6115_876
161397,1km_6116_876
161398,1km_6117_876
161399,1km_6118_876
161400,1km_6119_876
161401,1km_6120_876
161402,1km_6121_876
161403,1km_6122_876
161404,1km_6123_876
161405,1km_6124_876
161406,1km_6125_876
161407,1km_6126_876
161408,1km_6127_876
161409,1km_6128_876
161410,1km_6129_876
161411,1km_6130_876
161412,1km_6131_876
161413,1km_6132_876
161414,1km_6133_876
161415,1km_6134_876
161416,1km_6135_876
161417,1km_6136_876
161418,1km_6137_876
161419,1km_6138_876
161420,1km_6139_876
161421,1km_6140_876
161422,1km_6141_876
161423,1km_6142_876
161424,1km_6143_876
161761,1km_6110_877
161762,1km_6111_877
161763,1km_6112_877
161764,1km_6113_877
161765,1km_6114_877
161766,1km_6115_877
161767,1km_6116_877
161768,1km_6117_877
161769,1km_6118_877
161770,1km_6119_877
161771,1km_6120_877
161772,1km_6121_877
161773,1km_6122_877
161774,1km_6123_877
161775,1km_6124_877
161776,1km_6125_877
161777,1km_6126_877
161778,1km_6127_877
161779,1km_6128_877
161780,1km_6129_877
161781,1km_6130_877
161782,1km_6131_877
161783,1km_6132_877
161784,1km_6133_877
161785,1km_6134_877
161786,1km_6135_877
161787,1km_6136_877
161788,1km_6137_877
161789,1km_6138_877
161790,1km_6139_877
161791,1km_6140_877
161792,1km_6141_877
161793,1km_6142_877
161794,1km_6143_877
162131,1km_6110_878
162132,1km_6111_878
162133,1km_6112_878
162134,1km_6113_878
162135,1km_6114_878
162136,1km_6115_878
162137,1km_6116_878
162138,1km_6117_878
162139,1km_6118_878
162140,1km_6119_878
162141,1km_6120_878
162142,1km_6121_878
162143,1km_6122_878
162144,1km_6123_878
162145,1km_6124_878
162146,1km_6125_878
162147,1km_6126_878
162148,1km_6127_878
162149,1km_6128_878
162150,1km_6129_878
162151,1km_6130_878
162152,1km_6131_878
162153,1km_6132_878
162154,1km_6133_878
162155,1km_6134_878
162156,1km_6135_878
162157,1km_6136_878
162158,1km_6137_878
162159,1km_6138_878
162160,1km_6139_878
162161,1km_6140_878
162162,1km_6141_878
162163,1km_6142_878
162164,1km_6143_878
162501,1km_6110_879
162502,1km_6111_879
162503,1km_6112_879
162504,1km_6113_879
162505,1km_6114_879
162506,1km_6115_879
162507,1km_6116_879
162508,1km_6117_879
162509,1km_6118_879
162510,1km_6119_879
162511,1km_6120_879
162512,1km_6121_879
162513,1km_6122_879
162514,1km_6123_879
162515,1km_6124_879
162516,1km_6125_879
162517,1km_6126_879
162518,1km_6127_879
162519,1km_6128_879
162520,1km_6129_879
162521,1km_6130_879
162522,1km_6131_879
162523,1km_6132_879
162524,1km_6133_879
162525,1km_6134_879
162526,1km_6135_879
162527,1km_6136_879
162528,1km_6137_879
162529,1km_6138_879
162530,1km_6139_879
162531,1km_6140_879
162532,1km_6141_879
162533,1km_6142_879
162534,1km_6143_879
162871,1km_6110_880
162872,1km_6111_880
162873,1km_6112_880
162874,1km_6113_880
162875,1km_6114_880
162876,1km_6115_880
162877,1km_6116_880
162878,1km_6117_880
162879,1km_6118_880
162880,1km_6119_880
162881,1km_6120_880
162882,1km_6121_880
162883,1km_6122_880
162884,1km_6123_880
162885,1km_6124_880
162886,1km_6125_880
162887,1km_6126_880
162888,1km_6127_880
162889,1km_6128_880
162890,1km_6129_880
162891,1km_6130_880
162892,1km_6131_880
162893,1km_6132_880
162894,1km_6133_880
162895,1km_6134_880
162896,1km_6135_880
162897,1km_6136_880
162898,1km_6137_880
162899,1km_6138_880
162900,1km_6139_880
162901,1km_6140_880
162902,1km_6141_880
162903,1km_6142_880
162904,1km_6143_880
163241,1km_6110_881
163242,1km_6111_881
163243,1km_6112_881
163244,1km_6113_881
163245,1km_6114_881
163246,1km_6115_881
163247,1km_6116_881
163248,1km_6117_881
163249,1km_6118_881
163250,1km_6119_881
163251,1km_6120_881
163252,1km_6121_881
163253,1km_6122_881
163254,1km_6123_881
163255,1km_6124_881
163256,1km_6125_881
163257,1km_6126_881
163258,1km_6127_881
163259,1km_6128_881
163260,1km_6129_881
163261,1km_6130_881
163262,1km_6131_881
163263,1km_6132_881
163264,1km_6133_881
163265,1km_6134_881
163266,1km_6135_881
163267,1km_6136_881
163268,1km_6137_881
163269,1km_6138_881
163270,1km_6139_881
163271,1km_6140_881
163272,1km_6141_881
163273,1km_6142_881
163274,1km_6143_881
163611,1km_6110_882
163612,1km_6111_882
163613,1km_6112_882
163614,1km_6113_882
163615,1km_6114_882
163616,1km_6115_882
163617,1km_6116_882
163618,1km_6117_882
163619,1km_6118_882
163620,1km_6119_882
163621,1km_6120_882
163622,1km_6121_882
163623,1km_6122_882
163624,1km_6123_882
163625,1km_6124_882
163626,1km_6125_882
163627,1km_6126_882
163628,1km_6127_882
163629,1km_6128_882
163630,1km_6129_882
163631,1km_6130_882
163632,1km_6131_882
163633,1km_6132_882
163634,1km_6133_882
163635,1km_6134_882
163636,1km_6135_882
163637,1km_6136_882
163638,1km_6137_882
163639,1km_6138_882
163640,1km_6139_882
163641,1km_6140_882
163642,1km_6141_882
163643,1km_6142_882
163644,1km_6143_882
163981,1km_6110_883
163982,1km_6111_883
163983,1km_6112_883
163984,1km_6113_883
163985,1km_6114_883
163986,1km_6115_883
163987,1km_6116_883
163988,1km_6117_883
163989,1km_6118_883
163990,1km_6119_883
163991,1km_6120_883
163992,1km_6121_883
163993,1km_6122_883
163994,1km_6123_883
163995,1km_6124_883
163996,1km_6125_883
163997,1km_6126_883
163998,1km_6127_883
163999,1km_6128_883
164000,1km_6129_883
164001,1km_6130_883
164002,1km_6131_883
164003,1km_6132_883
164004,1km_6133_883
164005,1km_6134_883
164006,1km_6135_883
164007,1km_6136_883
164008,1km_6137_883
164009,1km_6138_883
164010,1km_6139_883
164011,1km_6140_883
164012,1km_6141_883
164013,1km_6142_883
164014,1km_6143_883
164351,1km_6110_884
164352,1km_6111_884
164353,1km_6112_884
164354,1km_6113_884
164355,1km_6114_884
164356,1km_6115_884
164357,1km_6116_884
164358,1km_6117_884
164359,1km_6118_884
164360,1km_6119_884
164361,1km_6120_884
164362,1km_6121_884
164363,1km_6122_884
164364,1km_6123_884
164365,1km_6124_884
164366,1km_6125_884
164367,1km_6126_884
164368,1km_6127_884
164369,1km_6128_884
164370,1km_6129_884
164371,1km_6130_884
164372,1km_6131_884
164373,1km_6132_884
164374,1km_6133_884
164375,1km_6134_884
164376,1km_6135_884
164377,1km_6136_884
164378,1km_6137_884
164379,1km_6138_884
164380,1km_6139_884
164381,1km_6140_884
164382,1km_6141_884
164383,1km_6142_884
164384,1km_6143_884
164721,1km_6110_885
164722,1km_6111_885
164723,1km_6112_885
164724,1km_6113_885
164725,1km_6114_885
164726,1km_6115_885
164727,1km_6116_885
164728,1km_6117_885
164729,1km_6118_885
164730,1km_6119_885
164731,1km_6120_885
164732,1km_6121_885
164733,1km_6122_885
164734,1km_6123_885
164735,1km_6124_885
164736,1km_6125_885
164737,1km_6126_885
164738,1km_6127_885
164739,1km_6128_885
164740,1km_6129_885
164741,1km_6130_885
164742,1km_6131_885
164743,1km_6132_885
164744,1km_6133_885
164745,1km_6134_885
164746,1km_6135_885
164747,1km_6136_885
164748,1km_6137_885
164749,1km_6138_885
164750,1km_6139_885
164751,1km_6140_885
164752,1km_6141_885
164753,1km_6142_885
164754,1km_6143_885
165091,1km_6110_886
165092,1km_6111_886
165093,1km_6112_886
165094,1km_6113_886
165095,1km_6114_886
165096,1km_6115_886
165097,1km_6116_886
165098,1km_6117_886
165099,1km_6118_886
165100,1km_6119_886
165101,1km_6120_886
165102,1km_6121_886
165103,1km_6122_886
165104,1km_6123_886
165105,1km_6124_886
165106,1km_6125_886
165107,1km_6126_886
165108,1km_6127_886
165109,1km_6128_886
165110,1km_6129_886
165111,1km_6130_886
165112,1km_6131_886
165113,1km_6132_886
165114,1km_6133_886
165115,1km_6134_886
165116,1km_6135_886
165117,1km_6136_886
165118,1km_6137_886
165119,1km_6138_886
165120,1km_6139_886
165121,1km_6140_886
165122,1km_6141_886
165123,1km_6142_886
165124,1km_6143_886
165461,1km_6110_887
165462,1km_6111_887
165463,1km_6112_887
165464,1km_6113_887
165465,1km_6114_887
165466,1km_6115_887
165467,1km_6116_887
165468,1km_6117_887
165469,1km_6118_887
165470,1km_6119_887
165471,1km_6120_887
165472,1km_6121_887
165473,1km_6122_887
165474,1km_6123_887
165475,1km_6124_887
165476,1km_6125_887
165477,1km_6126_887
165478,1km_6127_887
165479,1km_6128_887
165480,1km_6129_887
165481,1km_6130_887
165482,1km_6131_887
165483,1km_6132_887
165484,1km_6133_887
165485,1km_6134_887
165486,1km_6135_887
165487,1km_6136_887
165488,1km_6137_887
165489,1km_6138_887
165490,1km_6139_887
165491,1km_6140_887
165492,1km_6141_887
165493,1km_6142_887
165494,1km_6143_887
165831,1km_6110_888
165832,1km_6111_888
165833,1km_6112_888
165834,1km_6113_888
165835,1km_6114_888
165836,1km_6115_888
165837,1km_6116_888
165838,1km_6117_888
165839,1km_6118_888
165840,1km_6119_888
165841,1km_6120_888
165842,1km_6121_888
165843,1km_6122_888
165844,1km_6123_888
165845,1km_6124_888
165846,1km_6125_888
165847,1km_6126_888
165848,1km_6127_888
165849,1km_6128_888
165850,1km_6129_888
165851,1km_6130_888
165852,1km_6131_888
165853,1km_6132_888
165854,1km_6133_888
165855,1km_6134_888
165856,1km_6135_888
165857,1km_6136_888
165858,1km_6137_888
165859,1km_6138_888
165860,1km_6139_888
165861,1km_6140_888
165862,1km_6141_888
165863,1km_6142_888
165864,1km_6143_888
166201,1km_6110_889
166202,1km_6111_889
166203,1km_6112_889
166204,1km_6113_889
166205,1km_6114_889
166206,1km_6115_889
166207,1km_6116_889
166208,1km_6117_889
166209,1km_6118_889
166210,1km_6119_889
166211,1km_6120_889
166212,1km_6121_889
166213,1km_6122_889
166214,1km_6123_889
166215,1km_6124_889
166216,1km_6125_889
166217,1km_6126_889
166218,1km_6127_889
166219,1km_6128_889
166220,1km_6129_889
166221,1km_6130_889
166222,1km_6131_889
166223,1km_6132_889
166224,1km_6133_889
166225,1km_6134_889
166226,1km_6135_889
166227,1km_6136_889
166228,1km_6137_889
166229,1km_6138_889
166230,1km_6139_889
166231,1km_6140_889
166232,1km_6141_889
166233,1km_6142_889
166234,1km_6143_889
166571,1km_6110_890
166572,1km_6111_890
166573,1km_6112_890
166574,1km_6113_890
166575,1km_6114_890
166576,1km_6115_890
166577,1km_6116_890
166578,1km_6117_890
166579,1km_6118_890
166580,1km_6119_890
166581,1km_6120_890
166582,1km_6121_890
166583,1km_6122_890
166584,1km_6123_890
166585,1km_6124_890
166586,1km_6125_890
166587,1km_6126_890
166588,1km_6127_890
166589,1km_6128_890
166590,1km_6129_890
166591,1km_6130_890
166592,1km_6131_890
166593,1km_6132_890
166594,1km_6133_890
166595,1km_6134_890
166596,1km_6135_890
166597,1km_6136_890
166598,1km_6137_890
166599,1km_6138_890
166600,1km_6139_890
166601,1km_6140_890
166602,1km_6141_890
166603,1km_6142_890
166604,1km_6143_890
166941,1km_6110_891
166942,1km_6111_891
166943,1km_6112_891
166944,1km_6113_891
166945,1km_6114_891
166946,1km_6115_891
166947,1km_6116_891
166948,1km_6117_891
166949,1km_6118_891
166950,1km_6119_891
166951,1km_6120_891
166952,1km_6121_891
166953,1km_6122_891
166954,1km_6123_891
166955,1km_6124_891
166956,1km_6125_891
166957,1km_6126_891
166958,1km_6127_891
166959,1km_6128_891
166960,1km_6129_891
166961,1km_6130_891
166962,1km_6131_891
166963,1km_6132_891
166964,1km_6133_891
166965,1km_6134_891
166966,1km_6135_891
166967,1km_6136_891
166968,1km_6137_891
166969,1km_6138_891
166970,1km_6139_891
166971,1km_6140_891
166972,1km_6141_891
166973,1km_6142_891
166974,1km_6143_891
167311,1km_6110_892
167312,1km_6111_892
167313,1km_6112_892
167314,1km_6113_892
167315,1km_6114_892
167316,1km_6115_892
167317,1km_6116_892
167318,1km_6117_892
167319,1km_6118_892
167320,1km_6119_892
167321,1km_6120_892
167322,1km_6121_892
167323,1km_6122_892
167324,1km_6123_892
167325,1km_6124_892
167326,1km_6125_892
167327,1km_6126_892
167328,1km_6127_892
167329,1km_6128_892
167330,1km_6129_892
167331,1km_6130_892
167332,1km_6131_892
167333,1km_6132_892
167334,1km_6133_892
167335,1km_6134_892
167336,1km_6135_892
167337,1km_6136_892
167338,1km_6137_892
167339,1km_6138_892
167340,1km_6139_892
167341,1km_6140_892
167342,1km_6141_892
167343,1km_6142_892
167344,1km_6143_892
